QB,RB,RB,WR,WR,WR,TE,FLEX,DST,,Instructions
,,,,,,,,,,1. Locate the player you want to select in the list below 
,,,,,,,,,,2. Copy the ID of your player (you can use the Name + ID column or the ID column) 
,,,,,,,,,,3. Paste the ID into the roster position desired 
,,,,,,,,,,4. You must include an ID for each player; you cannot use just the player's name 
,,,,,,,,,,5. You can create up to 500 lineups per file 
 
,,,,,,,,,,Position,Name + ID, Name, ID, Salary,GameInfo,TeamAbbrev 
,,,,,,,,,,WR,Antonio Brown (7582003),Antonio Brown,7582003,10000,Pit@Mia 01:00PM ET,Pit,
,,,,,,,,,,WR,Odell Beckham Jr. (7581964),Odell Beckham Jr.,7581964,8800,Bal@NYG 01:00PM ET,NYG,
,,,,,,,,,,WR,A.J. Green (7582016),A.J. Green,7582016,8600,Cin@NE 01:00PM ET,Cin,
,,,,,,,,,,QB,Cam Newton (7581825),Cam Newton,7581825,8100,Car@NO 01:00PM ET,Car,
,,,,,,,,,,WR,Kelvin Benjamin (7581975),Kelvin Benjamin,7581975,8100,Car@NO 01:00PM ET,Car,
,,,,,,,,,,QB,Drew Brees (7581821),Drew Brees,7581821,7900,Car@NO 01:00PM ET,NO,
,,,,,,,,,,RB,Le'Veon Bell (7581910),Le'Veon Bell,7581910,7900,Pit@Mia 01:00PM ET,Pit,
,,,,,,,,,,WR,Allen Robinson (7581990),Allen Robinson,7581990,7800,Jax@Chi 01:00PM ET,Jax,
,,,,,,,,,,RB,DeMarco Murray (7581863),DeMarco Murray,7581863,7700,Cle@Ten 01:00PM ET,Ten,
,,,,,,,,,,QB,Tom Brady (7581843),Tom Brady,7581843,7700,Cin@NE 01:00PM ET,NE,
,,,,,,,,,,WR,Brandin Cooks (7581976),Brandin Cooks,7581976,7600,Car@NO 01:00PM ET,NO,
,,,,,,,,,,QB,Ben Roethlisberger (7581839),Ben Roethlisberger,7581839,7500,Pit@Mia 01:00PM ET,Pit,
,,,,,,,,,,WR,Marvin Jones Jr. (7581996),Marvin Jones Jr.,7581996,7200,LA@Det 01:00PM ET,Det,
,,,,,,,,,,WR,Alshon Jeffery (7581984),Alshon Jeffery,7581984,7100,Jax@Chi 01:00PM ET,Chi,
,,,,,,,,,,TE,Greg Olsen (7582053),Greg Olsen,7582053,7000,Car@NO 01:00PM ET,Car,
,,,,,,,,,,RB,LeSean McCoy (7581851),LeSean McCoy,7581851,6900,SF@Buf 01:00PM ET,Buf,
,,,,,,,,,,WR,Jarvis Landry (7582006),Jarvis Landry,7582006,6800,Pit@Mia 01:00PM ET,Mia,
,,,,,,,,,,WR,Julian Edelman (7582015),Julian Edelman,7582015,6800,Cin@NE 01:00PM ET,NE,
,,,,,,,,,,WR,Jordan Matthews (7581937),Jordan Matthews,7581937,6700,Phi@Was 01:00PM ET,Phi,
,,,,,,,,,,RB,Todd Gurley (7581904),Todd Gurley,7581904,6700,LA@Det 01:00PM ET,LA,
,,,,,,,,,,TE,Rob Gronkowski (7582084),Rob Gronkowski,7582084,6700,Cin@NE 01:00PM ET,NE,
,,,,,,,,,,QB,Derek Anderson (7581822),Derek Anderson,7581822,6400,Car@NO 01:00PM ET,Car,
,,,,,,,,,,WR,Willie Snead (7581973),Willie Snead,7581973,6400,Car@NO 01:00PM ET,NO,
,,,,,,,,,,QB,Blake Bortles (7581830),Blake Bortles,7581830,6300,Jax@Chi 01:00PM ET,Jax,
,,,,,,,,,,RB,Jordan Howard (7581897),Jordan Howard,7581897,6200,Jax@Chi 01:00PM ET,Chi,
,,,,,,,,,,QB,Matthew Stafford (7581833),Matthew Stafford,7581833,6200,LA@Det 01:00PM ET,Det,
,,,,,,,,,,TE,Jordan Reed (7582035),Jordan Reed,7582035,6100,Phi@Was 01:00PM ET,Was,
,,,,,,,,,,QB,Marcus Mariota (7581815),Marcus Mariota,7581815,6100,Cle@Ten 01:00PM ET,Ten,
,,,,,,,,,,WR,Terrelle Pryor Sr. (7581949),Terrelle Pryor Sr.,7581949,6100,Cle@Ten 01:00PM ET,Cle,
,,,,,,,,,,QB,Carson Wentz (7581809),Carson Wentz,7581809,6000,Phi@Was 01:00PM ET,Phi,
,,,,,,,,,,RB,Mark Ingram (7581885),Mark Ingram,7581885,6000,Car@NO 01:00PM ET,NO,
,,,,,,,,,,QB,Eli Manning (7581817),Eli Manning,7581817,5900,Bal@NYG 01:00PM ET,NYG,
,,,,,,,,,,WR,DeSean Jackson (7581934),DeSean Jackson,7581934,5800,Phi@Was 01:00PM ET,Was,
,,,,,,,,,,QB,Joe Flacco (7581816),Joe Flacco,7581816,5800,Bal@NYG 01:00PM ET,Bal,
,,,,,,,,,,QB,Brian Hoyer (7581827),Brian Hoyer,7581827,5800,Jax@Chi 01:00PM ET,Chi,
,,,,,,,,,,QB,Kirk Cousins (7581808),Kirk Cousins,7581808,5600,Phi@Was 01:00PM ET,Was,
,,,,,,,,,,WR,Sterling Shepard (7581967),Sterling Shepard,7581967,5600,Bal@NYG 01:00PM ET,NYG,
,,,,,,,,,,TE,Delanie Walker (7582038),Delanie Walker,7582038,5500,Cle@Ten 01:00PM ET,Ten,
,,,,,,,,,,WR,Steve Smith Sr. (7581957),Steve Smith Sr.,7581957,5500,Bal@NYG 01:00PM ET,Bal,
,,,,,,,,,,QB,Andy Dalton (7581844),Andy Dalton,7581844,5500,Cin@NE 01:00PM ET,Cin,
,,,,,,,,,,QB,Ryan Tannehill (7581840),Ryan Tannehill,7581840,5400,Pit@Mia 01:00PM ET,Mia,
,,,,,,,,,,QB,Tyrod Taylor (7581802),Tyrod Taylor,7581802,5300,SF@Buf 01:00PM ET,Buf,
,,,,,,,,,,RB,Theo Riddick (7581900),Theo Riddick,7581900,5300,LA@Det 01:00PM ET,Det,
,,,,,,,,,,WR,Mike Wallace (7581961),Mike Wallace,7581961,5200,Bal@NYG 01:00PM ET,Bal,
,,,,,,,,,,RB,Carlos Hyde (7581853),Carlos Hyde,7581853,5100,SF@Buf 01:00PM ET,SF,
,,,,,,,,,,RB,Jonathan Stewart (7581882),Jonathan Stewart,7581882,5100,Car@NO 01:00PM ET,Car,
,,,,,,,,,,QB,Jay Cutler (7581826),Jay Cutler,7581826,5100,Jax@Chi 01:00PM ET,Chi,
,,,,,,,,,,QB,Colin Kaepernick (7581800),Colin Kaepernick,7581800,5000,SF@Buf 01:00PM ET,SF,
,,,,,,,,,,QB,Christian Ponder (7581801),Christian Ponder,7581801,5000,SF@Buf 01:00PM ET,SF,
,,,,,,,,,,QB,EJ Manuel (7581803),EJ Manuel,7581803,5000,SF@Buf 01:00PM ET,Buf,
,,,,,,,,,,QB,Blaine Gabbert (7581804),Blaine Gabbert,7581804,5000,SF@Buf 01:00PM ET,SF,
,,,,,,,,,,QB,Cardale Jones (7581805),Cardale Jones,7581805,5000,SF@Buf 01:00PM ET,Buf,
,,,,,,,,,,QB,Chase Daniel (7581806),Chase Daniel,7581806,5000,Phi@Was 01:00PM ET,Phi,
,,,,,,,,,,QB,Colt McCoy (7581807),Colt McCoy,7581807,5000,Phi@Was 01:00PM ET,Was,
,,,,,,,,,,QB,Nate Sudfeld (7581810),Nate Sudfeld,7581810,5000,Phi@Was 01:00PM ET,Was,
,,,,,,,,,,QB,Josh McCown (7581811),Josh McCown,7581811,5000,Cle@Ten 01:00PM ET,Cle,
,,,,,,,,,,QB,Matt Cassel (7581812),Matt Cassel,7581812,5000,Cle@Ten 01:00PM ET,Ten,
,,,,,,,,,,QB,Charlie Whitehurst (7581813),Charlie Whitehurst,7581813,5000,Cle@Ten 01:00PM ET,Cle,
,,,,,,,,,,QB,Cody Kessler (7581814),Cody Kessler,7581814,5000,Cle@Ten 01:00PM ET,Cle,
,,,,,,,,,,QB,Josh Johnson (7581818),Josh Johnson,7581818,5000,Bal@NYG 01:00PM ET,NYG,
,,,,,,,,,,QB,Ryan Mallett (7581819),Ryan Mallett,7581819,5000,Bal@NYG 01:00PM ET,Bal,
,,,,,,,,,,QB,Ryan Nassib (7581820),Ryan Nassib,7581820,5000,Bal@NYG 01:00PM ET,NYG,
,,,,,,,,,,RB,Terrance West (7581875),Terrance West,7581875,5000,Bal@NYG 01:00PM ET,Bal,
,,,,,,,,,,QB,Luke McCown (7581823),Luke McCown,7581823,5000,Car@NO 01:00PM ET,NO,
,,,,,,,,,,QB,Joe Webb (7581824),Joe Webb,7581824,5000,Car@NO 01:00PM ET,Car,
,,,,,,,,,,QB,Chad Henne (7581828),Chad Henne,7581828,5000,Jax@Chi 01:00PM ET,Jax,
,,,,,,,,,,QB,Matt Barkley (7581829),Matt Barkley,7581829,5000,Jax@Chi 01:00PM ET,Chi,
,,,,,,,,,,QB,Brandon Allen (7581831),Brandon Allen,7581831,5000,Jax@Chi 01:00PM ET,Jax,
,,,,,,,,,,QB,Dan Orlovsky (7581832),Dan Orlovsky,7581832,5000,LA@Det 01:00PM ET,Det,
,,,,,,,,,,QB,Case Keenum (7581834),Case Keenum,7581834,5000,LA@Det 01:00PM ET,LA,
,,,,,,,,,,QB,Sean Mannion (7581835),Sean Mannion,7581835,5000,LA@Det 01:00PM ET,LA,
,,,,,,,,,,QB,Jared Goff (7581836),Jared Goff,7581836,5000,LA@Det 01:00PM ET,LA,
,,,,,,,,,,QB,Bruce Gradkowski (7581837),Bruce Gradkowski,7581837,5000,Pit@Mia 01:00PM ET,Pit,
,,,,,,,,,,QB,Matt Moore (7581838),Matt Moore,7581838,5000,Pit@Mia 01:00PM ET,Mia,
,,,,,,,,,,QB,Landry Jones (7581841),Landry Jones,7581841,5000,Pit@Mia 01:00PM ET,Pit,
,,,,,,,,,,QB,Zach Mettenberger (7581842),Zach Mettenberger,7581842,5000,Pit@Mia 01:00PM ET,Pit,
,,,,,,,,,,WR,DeVante Parker (7582008),DeVante Parker,7582008,5000,Pit@Mia 01:00PM ET,Mia,
,,,,,,,,,,QB,AJ McCarron (7581845),AJ McCarron,7581845,5000,Cin@NE 01:00PM ET,Cin,
,,,,,,,,,,QB,Jimmy Garoppolo (7581846),Jimmy Garoppolo,7581846,5000,Cin@NE 01:00PM ET,NE,
,,,,,,,,,,QB,Jeff Driskel (7581847),Jeff Driskel,7581847,5000,Cin@NE 01:00PM ET,Cin,
,,,,,,,,,,RB,LeGarrette Blount (7581916),LeGarrette Blount,7581916,5000,Cin@NE 01:00PM ET,NE,
,,,,,,,,,,RB,Ryan Mathews (7581857),Ryan Mathews,7581857,4900,Phi@Was 01:00PM ET,Phi,
,,,,,,,,,,RB,DeAngelo Williams (7581906),DeAngelo Williams,7581906,4800,Pit@Mia 01:00PM ET,Pit,
,,,,,,,,,,WR,Allen Hurns (7581985),Allen Hurns,7581985,4700,Jax@Chi 01:00PM ET,Jax,
,,,,,,,,,,RB,Arian Foster (7581907),Arian Foster,7581907,4700,Pit@Mia 01:00PM ET,Mia,
,,,,,,,,,,WR,Sammie Coates (7582007),Sammie Coates,7582007,4700,Pit@Mia 01:00PM ET,Pit,
,,,,,,,,,,RB,Isaiah Crowell (7581867),Isaiah Crowell,7581867,4600,Cle@Ten 01:00PM ET,Cle,
,,,,,,,,,,RB,Giovani Bernard (7581919),Giovani Bernard,7581919,4600,Cin@NE 01:00PM ET,Cin,
,,,,,,,,,,WR,Chris Hogan (7582018),Chris Hogan,7582018,4600,Cin@NE 01:00PM ET,NE,
,,,,,,,,,,WR,Corey Coleman (7581954),Corey Coleman,7581954,4500,Cle@Ten 01:00PM ET,Cle,
,,,,,,,,,,RB,Rashad Jennings (7581871),Rashad Jennings,7581871,4500,Bal@NYG 01:00PM ET,NYG,
,,,,,,,,,,TE,Martellus Bennett (7582083),Martellus Bennett,7582083,4500,Cin@NE 01:00PM ET,NE,
,,,,,,,,,,RB,Darren Sproles (7581856),Darren Sproles,7581856,4400,Phi@Was 01:00PM ET,Phi,
,,,,,,,,,,WR,Jamison Crowder (7581941),Jamison Crowder,7581941,4400,Phi@Was 01:00PM ET,Was,
,,,,,,,,,,RB,T.J. Yeldon (7581895),T.J. Yeldon,7581895,4400,Jax@Chi 01:00PM ET,Jax,
,,,,,,,,,,WR,Golden Tate (7581995),Golden Tate,7581995,4400,LA@Det 01:00PM ET,Det,
,,,,,,,,,,TE,Dennis Pitta (7582046),Dennis Pitta,7582046,4300,Bal@NYG 01:00PM ET,Bal,
,,,,,,,,,,RB,Fozzy Whittaker (7581883),Fozzy Whittaker,7581883,4300,Car@NO 01:00PM ET,Car,
,,,,,,,,,,WR,Michael Thomas (7581978),Michael Thomas,7581978,4300,Car@NO 01:00PM ET,NO,
,,,,,,,,,,WR,Robert Woods (7581931),Robert Woods,7581931,4200,SF@Buf 01:00PM ET,Buf,
,,,,,,,,,,WR,Victor Cruz (7581959),Victor Cruz,7581959,4200,Bal@NYG 01:00PM ET,NYG,
,,,,,,,,,,TE,Julius Thomas (7582063),Julius Thomas,7582063,4200,Jax@Chi 01:00PM ET,Jax,
,,,,,,,,,,WR,Tajae Sharpe (7581955),Tajae Sharpe,7581955,4100,Cle@Ten 01:00PM ET,Ten,
,,,,,,,,,,WR,Cameron Meredith (7581987),Cameron Meredith,7581987,4100,Jax@Chi 01:00PM ET,Chi,
,,,,,,,,,,RB,James White (7581920),James White,7581920,4100,Cin@NE 01:00PM ET,NE,
,,,,,,,,,,TE,Tyler Eifert (7582087),Tyler Eifert,7582087,4100,Cin@NE 01:00PM ET,Cin,
,,,,,,,,,,WR,Jeremy Kerley (7581925),Jeremy Kerley,7581925,4000,SF@Buf 01:00PM ET,SF,
,,,,,,,,,,RB,Matt Jones (7581861),Matt Jones,7581861,4000,Phi@Was 01:00PM ET,Was,
,,,,,,,,,,TE,Zach Ertz (7582034),Zach Ertz,7582034,4000,Phi@Was 01:00PM ET,Phi,
,,,,,,,,,,WR,Eddie Royal (7581980),Eddie Royal,7581980,4000,Jax@Chi 01:00PM ET,Chi,
,,,,,,,,,,RB,Jeremy Hill (7581921),Jeremy Hill,7581921,4000,Cin@NE 01:00PM ET,Cin,
,,,,,,,,,,RB,Duke Johnson Jr. (7581869),Duke Johnson Jr.,7581869,3900,Cle@Ten 01:00PM ET,Cle,
,,,,,,,,,,WR,Ted Ginn Jr. (7581969),Ted Ginn Jr.,7581969,3900,Car@NO 01:00PM ET,Car,
,,,,,,,,,,WR,Anquan Boldin (7581991),Anquan Boldin,7581991,3900,LA@Det 01:00PM ET,Det,
,,,,,,,,,,WR,Tavon Austin (7581997),Tavon Austin,7581997,3900,LA@Det 01:00PM ET,LA,
,,,,,,,,,,WR,Pierre Garcon (7581935),Pierre Garcon,7581935,3800,Phi@Was 01:00PM ET,Was,
,,,,,,,,,,WR,Devin Funchess (7581979),Devin Funchess,7581979,3800,Car@NO 01:00PM ET,Car,
,,,,,,,,,,RB,Jeremy Langford (7581893),Jeremy Langford,7581893,3800,Jax@Chi 01:00PM ET,Chi,
,,,,,,,,,,TE,Zach Miller (7582060),Zach Miller,7582060,3800,Jax@Chi 01:00PM ET,Chi,
,,,,,,,,,,DST,Bills  (7582334),Bills ,7582334,3700,SF@Buf 01:00PM ET,Buf,
,,,,,,,,,,RB,Orleans Darkwa (7581874),Orleans Darkwa,7581874,3700,Bal@NYG 01:00PM ET,NYG,
,,,,,,,,,,RB,Cameron Artis-Payne (7581888),Cameron Artis-Payne,7581888,3700,Car@NO 01:00PM ET,Car,
,,,,,,,,,,WR,Kenny Britt (7581993),Kenny Britt,7581993,3700,LA@Det 01:00PM ET,LA,
,,,,,,,,,,WR,Danny Amendola (7582013),Danny Amendola,7582013,3700,Cin@NE 01:00PM ET,NE,
,,,,,,,,,,WR,Corey Brown (7581972),Corey Brown,7581972,3600,Car@NO 01:00PM ET,Car,
,,,,,,,,,,WR,Markus Wheaton (7582004),Markus Wheaton,7582004,3600,Pit@Mia 01:00PM ET,Pit,
,,,,,,,,,,WR,Nelson Agholor (7581944),Nelson Agholor,7581944,3500,Phi@Was 01:00PM ET,Phi,
,,,,,,,,,,TE,Coby Fleener (7582055),Coby Fleener,7582055,3500,Car@NO 01:00PM ET,NO,
,,,,,,,,,,RB,Chris Ivory (7581889),Chris Ivory,7581889,3500,Jax@Chi 01:00PM ET,Jax,
,,,,,,,,,,RB,Dwayne Washington (7581905),Dwayne Washington,7581905,3500,LA@Det 01:00PM ET,Det,
,,,,,,,,,,RB,Jay Ajayi (7581912),Jay Ajayi,7581912,3500,Pit@Mia 01:00PM ET,Mia,
,,,,,,,,,,RB,Derrick Henry (7581870),Derrick Henry,7581870,3400,Cle@Ten 01:00PM ET,Ten,
,,,,,,,,,,WR,Rishard Matthews (7581951),Rishard Matthews,7581951,3400,Cle@Ten 01:00PM ET,Ten,
,,,,,,,,,,TE,Eric Ebron (7582071),Eric Ebron,7582071,3400,LA@Det 01:00PM ET,Det,
,,,,,,,,,,DST,Steelers  (7582349),Steelers ,7582349,3400,Pit@Mia 01:00PM ET,Pit,
,,,,,,,,,,WR,Torrey Smith (7581924),Torrey Smith,7581924,3300,SF@Buf 01:00PM ET,SF,
,,,,,,,,,,WR,Andre Johnson (7581945),Andre Johnson,7581945,3300,Cle@Ten 01:00PM ET,Ten,
,,,,,,,,,,TE,Gary Barnidge (7582039),Gary Barnidge,7582039,3300,Cle@Ten 01:00PM ET,Cle,
,,,,,,,,,,DST,Titans  (7582339),Titans ,7582339,3300,Cle@Ten 01:00PM ET,Ten,
,,,,,,,,,,RB,Bobby Rainey (7581872),Bobby Rainey,7581872,3300,Bal@NYG 01:00PM ET,NYG,
,,,,,,,,,,RB,Paul Perkins (7581877),Paul Perkins,7581877,3300,Bal@NYG 01:00PM ET,NYG,
,,,,,,,,,,RB,Kenneth Dixon (7581878),Kenneth Dixon,7581878,3300,Bal@NYG 01:00PM ET,Bal,
,,,,,,,,,,WR,Kenny Stills (7582005),Kenny Stills,7582005,3300,Pit@Mia 01:00PM ET,Mia,
,,,,,,,,,,RB,Chris Thompson (7581859),Chris Thompson,7581859,3200,Phi@Was 01:00PM ET,Was,
,,,,,,,,,,RB,Wendell Smallwood (7581862),Wendell Smallwood,7581862,3200,Phi@Was 01:00PM ET,Phi,
,,,,,,,,,,WR,Dorial Green-Beckham (7581942),Dorial Green-Beckham,7581942,3200,Phi@Was 01:00PM ET,Phi,
,,,,,,,,,,WR,Brian Quick (7581994),Brian Quick,7581994,3200,LA@Det 01:00PM ET,LA,
,,,,,,,,,,WR,Brandon LaFell (7582014),Brandon LaFell,7582014,3200,Cin@NE 01:00PM ET,Cin,
,,,,,,,,,,DST,Patriots  (7582351),Patriots ,7582351,3200,Cin@NE 01:00PM ET,NE,
,,,,,,,,,,DST,Eagles  (7582336),Eagles ,7582336,3100,Phi@Was 01:00PM ET,Phi,
,,,,,,,,,,WR,Andrew Hawkins (7581947),Andrew Hawkins,7581947,3100,Cle@Ten 01:00PM ET,Cle,
,,,,,,,,,,RB,Tim Hightower (7581879),Tim Hightower,7581879,3100,Car@NO 01:00PM ET,NO,
,,,,,,,,,,RB,John Kuhn (7581881),John Kuhn,7581881,3100,Car@NO 01:00PM ET,NO,
,,,,,,,,,,WR,Marqise Lee (7581988),Marqise Lee,7581988,3100,Jax@Chi 01:00PM ET,Jax,
,,,,,,,,,,RB,Reggie Bush (7581848),Reggie Bush,7581848,3000,SF@Buf 01:00PM ET,Buf,
,,,,,,,,,,RB,Jerome Felton (7581849),Jerome Felton,7581849,3000,SF@Buf 01:00PM ET,Buf,
,,,,,,,,,,RB,Shaun Draughn (7581850),Shaun Draughn,7581850,3000,SF@Buf 01:00PM ET,SF,
,,,,,,,,,,RB,Mike Gillislee (7581852),Mike Gillislee,7581852,3000,SF@Buf 01:00PM ET,Buf,
,,,,,,,,,,RB,Jonathan Williams (7581854),Jonathan Williams,7581854,3000,SF@Buf 01:00PM ET,Buf,
,,,,,,,,,,RB,Mike Davis (7581855),Mike Davis,7581855,3000,SF@Buf 01:00PM ET,SF,
,,,,,,,,,,WR,Brandon Tate (7581923),Brandon Tate,7581923,3000,SF@Buf 01:00PM ET,Buf,
,,,,,,,,,,WR,Keshawn Martin (7581926),Keshawn Martin,7581926,3000,SF@Buf 01:00PM ET,SF,
,,,,,,,,,,WR,Marquise Goodwin (7581927),Marquise Goodwin,7581927,3000,SF@Buf 01:00PM ET,Buf,
,,,,,,,,,,WR,Justin Hunter (7581928),Justin Hunter,7581928,3000,SF@Buf 01:00PM ET,Buf,
,,,,,,,,,,WR,Rod Streater (7581929),Rod Streater,7581929,3000,SF@Buf 01:00PM ET,SF,
,,,,,,,,,,WR,Walt Powell (7581930),Walt Powell,7581930,3000,SF@Buf 01:00PM ET,Buf,
,,,,,,,,,,WR,Quinton Patton (7581932),Quinton Patton,7581932,3000,SF@Buf 01:00PM ET,SF,
,,,,,,,,,,WR,Aaron Burbridge (7581933),Aaron Burbridge,7581933,3000,SF@Buf 01:00PM ET,SF,
,,,,,,,,,,RB,Kenjon Barner (7581858),Kenjon Barner,7581858,3000,Phi@Was 01:00PM ET,Phi,
,,,,,,,,,,RB,Rob Kelley (7581860),Rob Kelley,7581860,3000,Phi@Was 01:00PM ET,Was,
,,,,,,,,,,WR,Ryan Grant (7581936),Ryan Grant,7581936,3000,Phi@Was 01:00PM ET,Was,
,,,,,,,,,,WR,Josh Huff (7581938),Josh Huff,7581938,3000,Phi@Was 01:00PM ET,Phi,
,,,,,,,,,,WR,Josh Doctson (7581939),Josh Doctson,7581939,3000,Phi@Was 01:00PM ET,Was,
,,,,,,,,,,WR,Rashad Ross (7581940),Rashad Ross,7581940,3000,Phi@Was 01:00PM ET,Was,
,,,,,,,,,,WR,Bryce Treggs (7581943),Bryce Treggs,7581943,3000,Phi@Was 01:00PM ET,Phi,
,,,,,,,,,,RB,Jalston Fowler (7581864),Jalston Fowler,7581864,3000,Cle@Ten 01:00PM ET,Ten,
,,,,,,,,,,RB,Malcolm Johnson (7581865),Malcolm Johnson,7581865,3000,Cle@Ten 01:00PM ET,Cle,
,,,,,,,,,,RB,Antonio Andrews (7581866),Antonio Andrews,7581866,3000,Cle@Ten 01:00PM ET,Ten,
,,,,,,,,,,RB,George Atkinson III (7581868),George Atkinson III,7581868,3000,Cle@Ten 01:00PM ET,Cle,
,,,,,,,,,,WR,Harry Douglas (7581946),Harry Douglas,7581946,3000,Cle@Ten 01:00PM ET,Ten,
,,,,,,,,,,WR,Marc Mariani (7581948),Marc Mariani,7581948,3000,Cle@Ten 01:00PM ET,Ten,
,,,,,,,,,,WR,Kendall Wright (7581950),Kendall Wright,7581950,3000,Cle@Ten 01:00PM ET,Ten,
,,,,,,,,,,WR,Jordan Payton (7581952),Jordan Payton,7581952,3000,Cle@Ten 01:00PM ET,Cle,
,,,,,,,,,,WR,Ricardo Louis (7581953),Ricardo Louis,7581953,3000,Cle@Ten 01:00PM ET,Cle,
,,,,,,,,,,WR,Rashard Higgins (7581956),Rashard Higgins,7581956,3000,Cle@Ten 01:00PM ET,Cle,
,,,,,,,,,,RB,Kyle Juszczyk (7581873),Kyle Juszczyk,7581873,3000,Bal@NYG 01:00PM ET,Bal,
,,,,,,,,,,RB,Javorius Allen (7581876),Javorius Allen,7581876,3000,Bal@NYG 01:00PM ET,Bal,
,,,,,,,,,,WR,Devin Hester (7581958),Devin Hester,7581958,3000,Bal@NYG 01:00PM ET,Bal,
,,,,,,,,,,WR,Dwayne Harris (7581960),Dwayne Harris,7581960,3000,Bal@NYG 01:00PM ET,NYG,
,,,,,,,,,,WR,Kamar Aiken (7581962),Kamar Aiken,7581962,3000,Bal@NYG 01:00PM ET,Bal,
,,,,,,,,,,WR,Tavarres King (7581963),Tavarres King,7581963,3000,Bal@NYG 01:00PM ET,NYG,
,,,,,,,,,,WR,Chris Moore (7581965),Chris Moore,7581965,3000,Bal@NYG 01:00PM ET,Bal,
,,,,,,,,,,WR,Breshad Perriman (7581966),Breshad Perriman,7581966,3000,Bal@NYG 01:00PM ET,Bal,
,,,,,,,,,,WR,Roger Lewis (7581968),Roger Lewis,7581968,3000,Bal@NYG 01:00PM ET,NYG,
,,,,,,,,,,DST,Giants  (7582340),Giants ,7582340,3000,Bal@NYG 01:00PM ET,NYG,
,,,,,,,,,,RB,Mike Tolbert (7581880),Mike Tolbert,7581880,3000,Car@NO 01:00PM ET,Car,
,,,,,,,,,,RB,Travaris Cadet (7581884),Travaris Cadet,7581884,3000,Car@NO 01:00PM ET,NO,
,,,,,,,,,,RB,Marcus Murphy (7581886),Marcus Murphy,7581886,3000,Car@NO 01:00PM ET,NO,
,,,,,,,,,,RB,Daniel Lasco (7581887),Daniel Lasco,7581887,3000,Car@NO 01:00PM ET,NO,
,,,,,,,,,,WR,Brenton Bersin (7581970),Brenton Bersin,7581970,3000,Car@NO 01:00PM ET,Car,
,,,,,,,,,,WR,Brandon Coleman (7581971),Brandon Coleman,7581971,3000,Car@NO 01:00PM ET,NO,
,,,,,,,,,,WR,Damiere Byrd (7581974),Damiere Byrd,7581974,3000,Car@NO 01:00PM ET,Car,
,,,,,,,,,,WR,Tommylee Lewis (7581977),Tommylee Lewis,7581977,3000,Car@NO 01:00PM ET,NO,
,,,,,,,,,,RB,Joique Bell (7581890),Joique Bell,7581890,3000,Jax@Chi 01:00PM ET,Chi,
,,,,,,,,,,RB,Denard Robinson (7581891),Denard Robinson,7581891,3000,Jax@Chi 01:00PM ET,Jax,
,,,,,,,,,,RB,Corey Grant (7581892),Corey Grant,7581892,3000,Jax@Chi 01:00PM ET,Jax,
,,,,,,,,,,RB,Ka'Deem Carey (7581894),Ka'Deem Carey,7581894,3000,Jax@Chi 01:00PM ET,Chi,
,,,,,,,,,,RB,Paul Lasike (7581896),Paul Lasike,7581896,3000,Jax@Chi 01:00PM ET,Chi,
,,,,,,,,,,WR,Bryan Walters (7581981),Bryan Walters,7581981,3000,Jax@Chi 01:00PM ET,Jax,
,,,,,,,,,,WR,Arrelious Benn (7581982),Arrelious Benn,7581982,3000,Jax@Chi 01:00PM ET,Jax,
,,,,,,,,,,WR,Deonte Thompson (7581983),Deonte Thompson,7581983,3000,Jax@Chi 01:00PM ET,Chi,
,,,,,,,,,,WR,Joshua Bellamy (7581986),Joshua Bellamy,7581986,3000,Jax@Chi 01:00PM ET,Chi,
,,,,,,,,,,WR,Rashad Greene (7581989),Rashad Greene,7581989,3000,Jax@Chi 01:00PM ET,Jax,
,,,,,,,,,,RB,Chase Reynolds (7581898),Chase Reynolds,7581898,3000,LA@Det 01:00PM ET,LA,
,,,,,,,,,,RB,Benny Cunningham (7581899),Benny Cunningham,7581899,3000,LA@Det 01:00PM ET,LA,
,,,,,,,,,,RB,Michael Burton (7581901),Michael Burton,7581901,3000,LA@Det 01:00PM ET,Det,
,,,,,,,,,,RB,Zach Zenner (7581902),Zach Zenner,7581902,3000,LA@Det 01:00PM ET,Det,
,,,,,,,,,,RB,Malcolm Brown (7581903),Malcolm Brown,7581903,3000,LA@Det 01:00PM ET,LA,
,,,,,,,,,,WR,Andre Roberts (7581992),Andre Roberts,7581992,3000,LA@Det 01:00PM ET,Det,
,,,,,,,,,,WR,Bradley Marquez (7581998),Bradley Marquez,7581998,3000,LA@Det 01:00PM ET,LA,
,,,,,,,,,,WR,Nelson Spruce (7581999),Nelson Spruce,7581999,3000,LA@Det 01:00PM ET,LA,
,,,,,,,,,,WR,Pharoh Cooper (7582000),Pharoh Cooper,7582000,3000,LA@Det 01:00PM ET,LA,
,,,,,,,,,,WR,Mike Thomas (7582001),Mike Thomas,7582001,3000,LA@Det 01:00PM ET,LA,
,,,,,,,,,,DST,Lions  (7582346),Lions ,7582346,3000,LA@Det 01:00PM ET,Det,
,,,,,,,,,,RB,Isaiah Pead (7581908),Isaiah Pead,7581908,3000,Pit@Mia 01:00PM ET,Mia,
,,,,,,,,,,RB,Fitzgerald Toussaint (7581909),Fitzgerald Toussaint,7581909,3000,Pit@Mia 01:00PM ET,Pit,
,,,,,,,,,,RB,Roosevelt Nix (7581911),Roosevelt Nix,7581911,3000,Pit@Mia 01:00PM ET,Pit,
,,,,,,,,,,RB,Damien Williams (7581913),Damien Williams,7581913,3000,Pit@Mia 01:00PM ET,Mia,
,,,,,,,,,,RB,Kenyan Drake (7581914),Kenyan Drake,7581914,3000,Pit@Mia 01:00PM ET,Mia,
,,,,,,,,,,WR,Darrius Heyward-Bey (7582002),Darrius Heyward-Bey,7582002,3000,Pit@Mia 01:00PM ET,Pit,
,,,,,,,,,,WR,Jakeem Grant (7582009),Jakeem Grant,7582009,3000,Pit@Mia 01:00PM ET,Mia,
,,,,,,,,,,WR,Eli Rogers (7582010),Eli Rogers,7582010,3000,Pit@Mia 01:00PM ET,Pit,
,,,,,,,,,,WR,Leonte Carroo (7582011),Leonte Carroo,7582011,3000,Pit@Mia 01:00PM ET,Mia,
,,,,,,,,,,TE,Jesse James (7582080),Jesse James,7582080,3000,Pit@Mia 01:00PM ET,Pit,
,,,,,,,,,,RB,James Develin (7581915),James Develin,7581915,3000,Cin@NE 01:00PM ET,NE,
,,,,,,,,,,RB,Brandon Bolden (7581917),Brandon Bolden,7581917,3000,Cin@NE 01:00PM ET,NE,
,,,,,,,,,,RB,Rex Burkhead (7581918),Rex Burkhead,7581918,3000,Cin@NE 01:00PM ET,Cin,
,,,,,,,,,,RB,D.J. Foster (7581922),D.J. Foster,7581922,3000,Cin@NE 01:00PM ET,NE,
,,,,,,,,,,WR,Matthew Slater (7582012),Matthew Slater,7582012,3000,Cin@NE 01:00PM ET,NE,
,,,,,,,,,,WR,James Wright (7582017),James Wright,7582017,3000,Cin@NE 01:00PM ET,Cin,
,,,,,,,,,,WR,Malcolm Mitchell (7582019),Malcolm Mitchell,7582019,3000,Cin@NE 01:00PM ET,NE,
,,,,,,,,,,WR,Alex Erickson (7582020),Alex Erickson,7582020,3000,Cin@NE 01:00PM ET,Cin,
,,,,,,,,,,WR,Cody Core (7582021),Cody Core,7582021,3000,Cin@NE 01:00PM ET,Cin,
,,,,,,,,,,WR,Tyler Boyd (7582022),Tyler Boyd,7582022,3000,Cin@NE 01:00PM ET,Cin,
,,,,,,,,,,TE,Charles Clay (7582024),Charles Clay,7582024,2900,SF@Buf 01:00PM ET,Buf,
,,,,,,,,,,TE,Will Tye (7582049),Will Tye,7582049,2900,Bal@NYG 01:00PM ET,NYG,
,,,,,,,,,,DST,Rams  (7582347),Rams ,7582347,2900,LA@Det 01:00PM ET,LA,
,,,,,,,,,,TE,Jordan Cameron (7582076),Jordan Cameron,7582076,2800,Pit@Mia 01:00PM ET,Mia,
,,,,,,,,,,DST,Redskins  (7582337),Redskins ,7582337,2700,Phi@Was 01:00PM ET,Was,
,,,,,,,,,,DST,Jaguars  (7582345),Jaguars ,7582345,2700,Jax@Chi 01:00PM ET,Jax,
,,,,,,,,,,TE,Lance Kendricks (7582068),Lance Kendricks,7582068,2700,LA@Det 01:00PM ET,LA,
,,,,,,,,,,DST,Browns  (7582338),Browns ,7582338,2600,Cle@Ten 01:00PM ET,Cle,
,,,,,,,,,,DST,Ravens  (7582341),Ravens ,7582341,2600,Bal@NYG 01:00PM ET,Bal,
,,,,,,,,,,TE,Kyle Nelson (7582023),Kyle Nelson,7582023,2500,SF@Buf 01:00PM ET,SF,
,,,,,,,,,,TE,Garrett Celek (7582025),Garrett Celek,7582025,2500,SF@Buf 01:00PM ET,SF,
,,,,,,,,,,TE,Vance McDonald (7582026),Vance McDonald,7582026,2500,SF@Buf 01:00PM ET,SF,
,,,,,,,,,,TE,Gerald Christian (7582027),Gerald Christian,7582027,2500,SF@Buf 01:00PM ET,Buf,
,,,,,,,,,,TE,Blake Bell (7582028),Blake Bell,7582028,2500,SF@Buf 01:00PM ET,SF,
,,,,,,,,,,TE,Je'Ron Hamm (7582029),Je'Ron Hamm,7582029,2500,SF@Buf 01:00PM ET,SF,
,,,,,,,,,,TE,Nick O'Leary (7582030),Nick O'Leary,7582030,2500,SF@Buf 01:00PM ET,Buf,
,,,,,,,,,,TE,Vernon Davis (7582031),Vernon Davis,7582031,2500,Phi@Was 01:00PM ET,Was,
,,,,,,,,,,TE,Brent Celek (7582032),Brent Celek,7582032,2500,Phi@Was 01:00PM ET,Phi,
,,,,,,,,,,TE,Niles Paul (7582033),Niles Paul,7582033,2500,Phi@Was 01:00PM ET,Was,
,,,,,,,,,,TE,Trey Burton (7582036),Trey Burton,7582036,2500,Phi@Was 01:00PM ET,Phi,
,,,,,,,,,,TE,Anthony Fasano (7582037),Anthony Fasano,7582037,2500,Cle@Ten 01:00PM ET,Ten,
,,,,,,,,,,TE,Beau Brinkley (7582040),Beau Brinkley,7582040,2500,Cle@Ten 01:00PM ET,Ten,
,,,,,,,,,,TE,Randall Telfer (7582041),Randall Telfer,7582041,2500,Cle@Ten 01:00PM ET,Cle,
,,,,,,,,,,TE,Connor Hamlett (7582042),Connor Hamlett,7582042,2500,Cle@Ten 01:00PM ET,Cle,
,,,,,,,,,,TE,Jace Amaro (7582043),Jace Amaro,7582043,2500,Cle@Ten 01:00PM ET,Ten,
,,,,,,,,,,TE,Phillip Supernaw (7582044),Phillip Supernaw,7582044,2500,Cle@Ten 01:00PM ET,Ten,
,,,,,,,,,,TE,Seth DeValve (7582045),Seth DeValve,7582045,2500,Cle@Ten 01:00PM ET,Cle,
,,,,,,,,,,TE,Larry Donnell (7582047),Larry Donnell,7582047,2500,Bal@NYG 01:00PM ET,NYG,
,,,,,,,,,,TE,Crockett Gillmore (7582048),Crockett Gillmore,7582048,2500,Bal@NYG 01:00PM ET,Bal,
,,,,,,,,,,TE,Daniel Brown (7582050),Daniel Brown,7582050,2500,Bal@NYG 01:00PM ET,Bal,
,,,,,,,,,,TE,Darren Waller (7582051),Darren Waller,7582051,2500,Bal@NYG 01:00PM ET,Bal,
,,,,,,,,,,TE,Jerell Adams (7582052),Jerell Adams,7582052,2500,Bal@NYG 01:00PM ET,NYG,
,,,,,,,,,,TE,Ed Dickson (7582054),Ed Dickson,7582054,2500,Car@NO 01:00PM ET,Car,
,,,,,,,,,,TE,Josh Hill (7582056),Josh Hill,7582056,2500,Car@NO 01:00PM ET,NO,
,,,,,,,,,,TE,Chris Manhertz (7582057),Chris Manhertz,7582057,2500,Car@NO 01:00PM ET,NO,
,,,,,,,,,,TE,Scott Simonson (7582058),Scott Simonson,7582058,2500,Car@NO 01:00PM ET,Car,
,,,,,,,,,,TE,Marcedes Lewis (7582059),Marcedes Lewis,7582059,2500,Jax@Chi 01:00PM ET,Jax,
,,,,,,,,,,TE,Logan Paulsen (7582061),Logan Paulsen,7582061,2500,Jax@Chi 01:00PM ET,Chi,
,,,,,,,,,,TE,Patrick Scales (7582062),Patrick Scales,7582062,2500,Jax@Chi 01:00PM ET,Chi,
,,,,,,,,,,TE,Neal Sterling (7582064),Neal Sterling,7582064,2500,Jax@Chi 01:00PM ET,Jax,
,,,,,,,,,,TE,Ben Koyack (7582065),Ben Koyack,7582065,2500,Jax@Chi 01:00PM ET,Jax,
,,,,,,,,,,TE,Ben Braunecker (7582066),Ben Braunecker,7582066,2500,Jax@Chi 01:00PM ET,Chi,
,,,,,,,,,,TE,Clay Harbor (7582067),Clay Harbor,7582067,2500,LA@Det 01:00PM ET,Det,
,,,,,,,,,,TE,Cory Harkey (7582069),Cory Harkey,7582069,2500,LA@Det 01:00PM ET,LA,
,,,,,,,,,,TE,Tyler Higbee (7582070),Tyler Higbee,7582070,2500,LA@Det 01:00PM ET,LA,
,,,,,,,,,,TE,Temarrick Hemingway (7582072),Temarrick Hemingway,7582072,2500,LA@Det 01:00PM ET,LA,
,,,,,,,,,,TE,Cole Wick (7582073),Cole Wick,7582073,2500,LA@Det 01:00PM ET,Det,
,,,,,,,,,,TE,Khari Lee (7582074),Khari Lee,7582074,2500,LA@Det 01:00PM ET,Det,
,,,,,,,,,,TE,David Johnson (7582075),David Johnson,7582075,2500,Pit@Mia 01:00PM ET,Pit,
,,,,,,,,,,TE,MarQueis Gray (7582077),MarQueis Gray,7582077,2500,Pit@Mia 01:00PM ET,Mia,
,,,,,,,,,,TE,Dion Sims (7582078),Dion Sims,7582078,2500,Pit@Mia 01:00PM ET,Mia,
,,,,,,,,,,TE,Xavier Grimble (7582079),Xavier Grimble,7582079,2500,Pit@Mia 01:00PM ET,Pit,
,,,,,,,,,,TE,Dominique Jones (7582081),Dominique Jones,7582081,2500,Pit@Mia 01:00PM ET,Mia,
,,,,,,,,,,DST,Dolphins  (7582348),Dolphins ,7582348,2500,Pit@Mia 01:00PM ET,Mia,
,,,,,,,,,,TE,Clark Harris (7582082),Clark Harris,7582082,2500,Cin@NE 01:00PM ET,Cin,
,,,,,,,,,,TE,Greg Scruggs (7582085),Greg Scruggs,7582085,2500,Cin@NE 01:00PM ET,NE,
,,,,,,,,,,TE,Ryan Hewitt (7582086),Ryan Hewitt,7582086,2500,Cin@NE 01:00PM ET,Cin,
,,,,,,,,,,TE,A.J. Derby (7582088),A.J. Derby,7582088,2500,Cin@NE 01:00PM ET,NE,
,,,,,,,,,,TE,Tyler Kroft (7582089),Tyler Kroft,7582089,2500,Cin@NE 01:00PM ET,Cin,
,,,,,,,,,,TE,C.J. Uzomah (7582090),C.J. Uzomah,7582090,2500,Cin@NE 01:00PM ET,Cin,
,,,,,,,,,,DST,Bengals  (7582350),Bengals ,7582350,2500,Cin@NE 01:00PM ET,Cin,
,,,,,,,,,,DST,Panthers  (7582343),Panthers ,7582343,2400,Car@NO 01:00PM ET,Car,
,,,,,,,,,,DST,49ers  (7582335),49ers ,7582335,2300,SF@Buf 01:00PM ET,SF,
,,,,,,,,,,DST,Bears  (7582344),Bears ,7582344,2300,Jax@Chi 01:00PM ET,Chi,
,,,,,,,,,,DST,Saints  (7582342),Saints ,7582342,2000,Car@NO 01:00PM ET,NO,
